Well,Date,Well,Tubing OD (in),Plunger Diameter (in),Pump Intake Depth (ft),Pump Intake Depth TVD (ft),Damp Up,Damp Down,Formation Depth (ft),Formation Depth TVD (ft),Tubing Pressure (psi (g)),Oil API (deg.API),Water Specific Gravity (Sp.Gr.H2O),Gas Specific Gravity (Sp.Gr.AIR),Gearbox Rating (in-lb),Measured Stroke Length (in),Rated HP (HP),Dynamometer Date,PPRL (lb),MPRL (lb),PPMPL (lb),MPMPL (lb),Polished Rod Power (HP),Plunger Stroke (in),SPM (spm),Pump Volumetric Fillage (%),Effective Plunger Stroke (in),Pump Displacement (BBL/D),Unaccounted Friction (lb),Gearbox Peak Existing (in-lb),Stroke,Measured Load TV (lbf),Calculate Buoyant Rod Weight (lbf),Measured Load SV (lbf),Calc. Fluid Load (lbf),Total Gaseous Liquid Column HT (TVD) (ft),Equivalent Gas Free Liquid HT (TVD) (ft), 1343664010quid (%),Pump Intake Pressure (psi (g)),
Hana-West\Hana-18.199,01/07/17 - 12:31,Hana-18,3.500,1.750,4856.00,4856.00,0.04851,0.04851,4658.00,4658.00,X,25,1.05,X,912000,168.000,X,X,X,X,X,X,X,X,X,X,X,X,X,X,X,X,X,X,X,18,18,100,20.0,
Hana-West\Hana-18.200,01/11/17 - 16:53,Hana-18,3.500,1.750,4856.00,4856.00,0.04851,0.04851,4658.00,4658.00,X,25,1.05,X,912000,168.000,X,X,X,X,X,X,X,X,X,X,X,X,X,X,X,X,X,X,X,154,154,100,60.9,
Hana-West\Hana-18.201,01/12/17 - 11:27,Hana-18,3.500,1.750,4856.00,4856.00,0.04851,0.04851,4658.00,4658.00,X,25,1.05,X,912000,168.000,X,01/12/17 - 11:38,21784,9314,5707,-482,17.0,159.5,6.667,84.64,135.0,321.3,481.5,1704059.4,21,X,X,X,X,51,51,100,21.6,
Hana-West\Hana-18.202,01/14/17 - 09:13,Hana-18,3.500,1.750,4856.00,4856.00,0.04851,0.04851,4658.00,4658.00,X,25,1.05,X,912000,168.000,X,X,X,X,X,X,X,X,X,X,X,X,X,X,X,X,X,X,X,150,150,100,61.8,
Hana-West\Hana-18.203,01/20/17 - 10:41,Hana-18,3.500,1.750,4856.00,4856.00,0.04851,0.04851,4658.00,4658.00,X,25,1.05,X,912000,168.000,X,01/20/17 - 10:51,22274,8151,6242,-745,18.0,159.1,6.618,81.82,130.2,307.6,744.8,1770250.0,25,15220,12150,9912,5314,71,71,100,42.8,
Hana-West\Hana-18.204,01/28/17 - 14:50,Hana-18,3.500,1.750,4856.00,4856.00,0.04851,0.04851,4658.00,4658.00,X,25,1.05,X,912000,168.000,X,X,X,X,X,X,X,X,X,X,X,X,X,X,X,X,X,X,X,113,113,100,45.6,
Hana-West\Hana-18.205,02/07/17 - 17:24,Hana-18,3.500,1.750,4856.00,4856.00,0.04851,0.04851,4658.00,4658.00,X,25,1.05,X,912000,168.000,X,X,X,X,X,X,X,X,X,X,X,X,X,X,X,X,X,X,X,233,233,100,111.7,
Hana-West\Hana-18.206,02/14/17 - 17:30,Hana-18,3.500,1.750,4856.00,4856.00,0.04851,0.04851,4658.00,4658.00,X,25,1.05,X,912000,168.000,X,X,X,X,X,X,X,X,X,X,X,X,X,X,X,X,X,X,X,180,180,100,99.2,
Hana-West\Hana-18.207,02/24/17 - 10:35,Hana-18,3.500,1.750,4856.00,4856.00,0.04851,0.04851,4658.00,4658.00,X,25,1.05,X,912000,168.000,X,X,X,X,X,X,X,X,X,X,X,X,X,X,X,X,X,X,X,86,86,100,34.6,
Hana-West\Hana-18.208,02/25/17 - 10:13,Hana-18,3.500,1.750,4856.00,4856.00,0.04851,0.04851,4658.00,4658.00,X,25,1.05,X,912000,168.000,X,X,X,X,X,X,X,X,X,X,X,X,X,X,X,X,X,X,X,94,94,100,37.7,
Hana-West\Hana-18.209,02/28/17 - 08:22,Hana-18,3.500,1.750,4856.00,4856.00,0.04851,0.04851,4658.00,4658.00,X,25,1.05,X,912000,168.000,X,02/28/17 - 08:33,22005,8800,6082,-733,17.4,166.0,6.475,96.17,159.6,369.0,732.8,1648890.8,0,17328,12150,16179,5314,191,191,100,83.9,
Hana-West\Hana-18.210,03/04/17 - 11:07,Hana-18,3.500,1.750,4887.50,4887.50,0.04851,0.04851,4658.00,4658.00,X,25,1.05,X,1.28e+006,168.000,X,X,X,X,X,X,X,X,X,X,X,X,X,X,X,X,X,X,X,103,103,100,43.2,
Hana-West\Hana-18.211,03/06/17 - 13:28,Hana-18,3.500,1.750,4887.50,4887.50,0.04851,0.04851,4658.00,4658.00,X,25,1.05,X,1.28e+006,168.000,X,X,X,X,X,X,X,X,X,X,X,X,X,X,X,X,X,X,X,205,205,100,90.3,
Hana-West\Hana-18.212,03/11/17 - 10:18,Hana-18,3.500,1.750,4887.50,4887.50,0.04851,0.04851,4658.00,4658.00,X,25,1.05,X,1.28e+006,168.000,X,X,X,X,X,X,X,X,X,X,X,X,X,X,X,X,X,X,X,250,237,35,95.7,
Hana-West\Hana-18.213,03/18/17 - 16:23,Hana-18,3.500,1.750,4887.50,4887.50,0.04851,0.04851,4658.00,4658.00,X,25,1.05,X,1.28e+006,168.000,X,X,X,X,X,X,X,X,X,X,X,X,X,X,X,X,X,X,X,X,X,100,6.2,
Hana-West\Hana-18.214,03/18/17 - 16:28,Hana-18,3.500,1.750,4887.50,4887.50,0.04851,0.04851,4658.00,4658.00,X,25,1.05,X,1.28e+006,168.000,X,X,X,X,X,X,X,X,X,X,X,X,X,X,X,X,X,X,X,214,214,100,90.2,
Hana-West\Hana-18.215,03/26/17 - 10:44,Hana-18,3.500,1.750,4887.50,4887.50,0.04851,0.04851,4658.00,4658.00,X,25,1.05,X,1.28e+006,168.000,X,X,X,X,X,X,X,X,X,X,X,X,X,X,X,X,X,X,X,224,224,100,87.6,
Hana-West\Hana-18.216,04/12/17 - 15:55,Hana-18,3.500,1.750,4887.50,4887.50,0.04851,0.04851,4658.00,4658.00,X,25,1.05,X,1.28e+006,168.000,X,X,X,X,X,X,X,X,X,X,X,X,X,X,X,X,X,X,X,221,221,100,86.7,
Hana-West\Hana-18.217,04/20/17 - 10:02,Hana-18,3.500,1.750,4887.50,4887.50,0.04851,0.04851,4658.00,4658.00,X,25,1.05,X,1.28e+006,168.000,X,X,X,X,X,X,X,X,X,X,X,X,X,X,X,X,X,X,X,264,250,59,96.9,
Hana-West\Hana-18.218,04/21/17 - 11:29,Hana-18,3.500,1.750,4887.50,4887.50,0.04851,0.04851,4658.00,4658.00,X,25,1.05,X,1.28e+006,168.000,X,X,X,X,X,X,X,X,X,X,X,X,X,X,X,X,X,X,X,287,264,61,102.1,
Hana-West\Hana-18.219,04/22/17 - 09:23,Hana-18,3.500,2.750,4817.00,4817.00,0.04851,0.04851,4658.00,4658.00,X,25,1.05,X,1.28e+006,121.000,X,X,X,X,X,X,X,X,X,X,X,X,X,X,X,X,X,X,X,82,82,100,33.6,
Hana-West\Hana-18.220,04/29/17 - 09:04,Hana-18,3.500,2.250,4840.00,4840.00,0.04851,0.04851,4658.00,4658.00,X,25,1.05,X,1.28e+006,121.000,X,X,X,X,X,X,X,X,X,X,X,X,X,X,X,X,X,X,X,236,201,35,79.1,
Hana-West\Hana-18.221,04/30/17 - 10:00,Hana-18,3.500,2.250,4840.00,4840.00,0.04851,0.04851,4658.00,4658.00,X,25,1.05,X,1.28e+006,121.000,X,04/30/17 - 10:00,26226,13359,7981,-907,6.6,108.7,3.913,61.42,66.8,154.2,907.1,1345317.1,0,22740,15925,15668,8756,X,X,X,X,
Hana-West\Hana-18.222,05/03/17 - 10:21,Hana-18,3.500,2.250,4840.00,4840.00,0.04851,0.04851,4658.00,4658.00,X,25,1.05,X,1.28e+006,121.000,X,05/03/17 - 10:30,26577,13357,8122,-721,6.6,109.2,3.913,60.05,65.6,151.5,721.2,1358186.5,2,X,X,X,X,98,98,100,39.7,
Hana-West\Hana-18.223,05/03/17 - 10:44,Hana-18,3.500,2.250,4840.00,4840.00,0.04851,0.04851,4658.00,4658.00,X,25,1.05,X,1.28e+006,121.000,X,X,X,X,X,X,X,X,X,X,X,X,X,X,X,8817,15925,3045,8756,X,X,X,X,
Hana-West\Hana-18.224,05/07/17 - 14:09,Hana-18,3.500,2.250,4840.00,4840.00,0.04851,0.04851,4658.00,4658.00,X,25,1.05,X,1.28e+006,121.000,X,05/07/17 - 14:16,25525,13834,8051,-821,5.1,107.2,2.980,67.36,72.2,127.0,821.0,1303646.6,0,22611,15925,14709,8756,258,212,39,82.4,
Hana-West\Hana-18.225,05/13/17 - 14:16,Hana-18,3.500,2.250,4840.00,4840.00,0.04851,0.04851,4658.00,4658.00,X,25,1.05,X,1.28e+006,121.000,X,X,X,X,X,X,X,X,X,X,X,X,X,X,X,X,X,X,X,169,169,100,67.0,
Hana-West\Hana-18.226,05/13/17 - 14:58,Hana-18,3.500,2.250,4840.00,4840.00,0.04851,0.04851,4658.00,4658.00,X,25,1.05,X,1.28e+006,121.000,X,X,X,X,X,X,X,X,X,X,X,X,X,X,X,X,X,X,X,186,184,52,-1.$,
Hana-West\Hana-18.227,05/14/17 - 14:03,Hana-18,3.500,2.250,4840.00,4840.00,0.04851,0.04851,4658.00,4658.00,X,25,1.05,X,1.28e+006,141.236,X,05/14/17 - 14:03,24646,13883,7558,-1213,5.5,127.5,2.980,65.74,83.8,147.4,1212.8,1546973.3,8,25854,15925,20154,8756,X,X,X,X,
Hana-West\Hana-18.228,05/20/17 - 08:17,Hana-18,3.500,2.250,4840.00,4840.00,0.04851,0.04851,4658.00,4658.00,X,25,1.05,X,1.28e+006,121.000,X,X,X,X,X,X,X,X,X,X,X,X,X,X,X,X,X,X,X,160,160,100,63.0,
Hana-West\Hana-18.229,05/28/17 - 09:57,Hana-18,3.500,2.250,4840.00,4840.00,0.04851,0.04851,4658.00,4658.00,X,25,1.05,X,1.28e+006,121.000,X,X,X,X,X,X,X,X,X,X,X,X,X,X,X,X,X,X,X,227,211,65,85.5,
Hana-West\Hana-18.230,06/03/17 - 07:51,Hana-18,3.500,2.250,4840.00,4840.00,0.04851,0.04851,4658.00,4658.00,X,25,1.05,X,1.28e+006,121.000,X,X,X,X,X,X,X,X,X,X,X,X,X,X,X,X,X,X,X,164,164,100,64.6,
Hana-West\Hana-18.231,06/17/17 - 09:01,Hana-18,3.500,2.250,4840.00,4840.00,0.04851,0.04851,4658.00,4658.00,X,25,1.05,X,1.28e+006,121.000,X,X,X,X,X,X,X,X,X,X,X,X,X,X,X,X,X,X,X,189,187,64,75.0,
Hana-West\Hana-18.232,06/24/17 - 08:36,Hana-18,3.500,2.250,4840.00,4840.00,0.04851,0.04851,4658.00,4658.00,X,25,1.05,X,1.28e+006,121.000,X,X,X,X,X,X,X,X,X,X,X,X,X,X,X,X,X,X,X,202,194,61,75.8,
Hana-West\Hana-18.233,07/06/17 - 10:27,Hana-18,3.500,2.250,4840.00,4840.00,0.04851,0.04851,4658.00,4658.00,X,25,1.05,X,1.28e+006,121.000,X,07/06/17 - 10:35,25358,14031,8133,-798,5.3,106.4,2.985,70.54,75.1,132.3,798.3,1299084.3,0,22773,15925,16010,8756,267,230,57,90.2,
Hana-West\Hana-18.234,08/12/17 - 09:27,Hana-18,3.500,2.250,4840.00,4840.00,0.04851,0.04851,4658.00,4658.00,X,25,1.05,X,1.28e+006,121.000,X,X,X,X,X,X,X,X,X,X,X,X,X,X,X,X,X,X,X,269,231,57,89.9,
Hana-West\Hana-18.235,08/19/17 - 08:14,Hana-18,3.500,2.250,4840.00,4840.00,0.04851,0.04851,4658.00,4658.00,X,25,1.05,X,1.28e+006,121.000,X,X,X,X,X,X,X,X,X,X,X,X,X,X,X,X,X,X,X,276,233,54,87.8,
Hana-West\Hana-18.236,08/26/17 - 10:24,Hana-18,3.500,2.250,4840.00,4840.00,0.04851,0.04851,4658.00,4658.00,X,25,1.05,X,1.28e+006,121.000,X,X,X,X,X,X,X,X,X,X,X,X,X,X,X,X,X,X,X,243,224,68,90.0,
Hana-West\Hana-18.237,09/02/17 - 11:04,Hana-18,3.500,2.250,4840.00,4840.00,0.04851,0.04851,4658.00,4658.00,X,25,1.05,X,1.28e+006,121.000,X,X,X,X,X,X,X,X,X,X,X,X,X,X,X,X,X,X,X,213,199,56,78.7,
Hana-West\Hana-18.238,09/08/17 - 09:54,Hana-18,3.500,2.250,4840.00,4840.00,0.04851,0.04851,4658.00,4658.00,X,25,1.05,X,1.28e+006,121.000,X,X,X,X,X,X,X,X,X,X,X,X,X,X,X,X,X,X,X,305,294,91,120.4,
Hana-West\Hana-18.239,09/16/17 - 09:03,Hana-18,3.500,2.250,4840.00,4840.00,0.04851,0.04851,4658.00,4658.00,X,25,1.05,X,1.28e+006,121.000,X,X,X,X,X,X,X,X,X,X,X,X,X,X,X,X,X,X,X,270,230,54,89.6,
Hana-West\Hana-18.240,09/23/17 - 09:35,Hana-18,3.500,2.250,4840.00,4840.00,0.04851,0.04851,4658.00,4658.00,X,25,1.05,X,1.28e+006,121.000,X,X,X,X,X,X,X,X,X,X,X,X,X,X,X,X,X,X,X,152,152,100,60.8,
Hana-West\Hana-18.241,10/08/17 - 10:09,Hana-18,3.500,2.250,4840.00,4840.00,0.04851,0.04851,4658.00,4658.00,X,25,1.05,X,1.28e+006,121.000,X,10/08/17 - 10:17,25629,14571,8125,-1164,5.4,107.2,2.927,76.89,82.4,142.4,1163.8,1318024.6,0,29874,15925,21791,8756,167,167,100,66.4,
Hana-West\Hana-18.242,10/14/17 - 13:21,Hana-18,3.500,2.250,4840.00,4840.00,0.04851,0.04851,4658.00,4658.00,X,25,1.05,X,1.28e+006,121.000,X,X,X,X,X,X,X,X,X,X,X,X,X,X,X,X,X,X,X,175,175,100,69.6,
Hana-West\Hana-18.243,11/12/17 - 10:50,Hana-18,3.500,2.250,4840.00,4840.00,0.04851,0.04851,4658.00,4658.00,X,25,1.05,X,1.28e+006,121.000,X,11/12/17 - 10:50,25473,14587,8931,-281,5.7,107.5,3.035,75.51,81.2,145.5,281.2,1311453.4,7,27497,15925,20741,8756,184,184,91,76.9,
Hana-West\Hana-18.244,11/13/17 - 10:56,Hana-18,3.500,2.250,4840.00,4840.00,0.04851,0.04851,4658.00,4658.00,X,25,1.05,X,1.28e+006,121.000,X,11/13/17 - 10:56,24885,14612,8737,-698,5.4,106.5,3.041,X,82.2,147.5,698.4,1288707.9,0,36181,15925,26554,8756,199,197,87,77.2,
Hana-West\Hana-18.245,11/14/17 - 13:23,Hana-18,3.500,2.250,4840.00,4840.00,0.04851,0.04851,4658.00,4658.00,X,25,1.05,X,1.28e+006,121.000,X,11/14/17 - 13:32,26674,13828,8540,-1007,8.0,106.3,3.956,73.41,78.1,182.3,1007.1,1357996.9,0,26061,15925,17777,8756,251,226,64,87.7,
Hana-West\Hana-18.246,11/18/17 - 10:21,Hana-18,3.500,2.250,4840.00,4840.00,0.04851,0.04851,4658.00,4658.00,X,25,1.05,X,1.28e+006,121.000,X,11/18/17 - 10:21,26589,13756,8319,-995,8.1,107.5,3.956,74.82,80.4,187.7,994.9,1353357.4,0,24723,15925,18209,8756,184,183,88,71.5,
Hana-West\Hana-18.247,11/22/17 - 11:33,Hana-18,3.500,2.250,4840.00,4840.00,0.04851,0.04851,4658.00,4658.00,X,25,1.05,X,1.28e+006,121.000,X,X,X,X,X,X,X,X,X,X,X,X,X,X,X,X,X,X,X,153,153,100,62.0,
Hana-West\Hana-18.248,12/02/17 - 15:36,Hana-18,3.500,2.250,4840.00,4840.00,0.04851,0.04851,4658.00,4658.00,X,25,1.05,X,1.28e+006,121.000,X,12/02/17 - 15:43,26783,14144,8550,-882,8.0,106.5,3.947,75.46,80.4,187.3,882.5,1365261.5,0,22785,15925,17274,8756,137,137,100,64.3,
Hana-West\Hana-18.249,12/11/17 - 11:40,Hana-18,3.500,2.250,4840.00,4840.00,0.04851,0.04851,4658.00,4658.00,X,25,1.05,X,1.28e+006,121.000,X,12/11/17 - 11:58,26473,13892,8298,-68,7.8,109.6,3.939,76.38,83.7,194.6,68.2,1347377.8,13,27886,15925,21563,8756,633,633,100,246.6,
Hana-West\Hana-18.250,12/14/17 - 10:25,Hana-18,3.500,2.250,4840.00,4840.00,0.04851,0.04851,4658.00,4658.00,X,25,1.05,X,1.28e+006,121.000,X,X,X,X,X,X,X,X,X,X,X,X,X,X,X,X,X,X,X,243,216,56,84.5,
Hana-West\Hana-W-10 new.136,01/14/17 - 08:28,Hana-W-10 new,3.500,2.750,4525.00,4525.00,0.05008,0.05008,6195.00,6195.00,X,25,1.05,X,1.28e+006,168.000,X,X,X,X,X,X,X,X,X,X,X,X,X,X,X,X,X,X,X,3243,3243,100,1208.5,
Hana-West\Hana-W-10 new.137,01/21/17 - 08:45,Hana-W-10 new,3.500,2.750,4525.00,4525.00,0.05008,0.05008,6195.00,6195.00,X,25,1.05,X,1.28e+006,168.000,X,X,X,X,X,X,X,X,X,X,X,X,X,X,X,X,X,X,X,3276,3276,100,1220.5,
Hana-West\Hana-W-10 new.138,01/28/17 - 14:28,Hana-W-10 new,3.500,2.750,4525.00,4525.00,0.05008,0.05008,6195.00,6195.00,X,25,1.05,X,1.28e+006,168.000,X,X,X,X,X,X,X,X,X,X,X,X,X,X,X,X,X,X,X,3326,3326,100,1238.7,
Hana-West\Hana-W-10 new.139,02/06/17 - 17:05,Hana-W-10 new,3.500,2.750,4525.00,4525.00,0.05008,0.05008,6195.00,6195.00,X,25,1.05,X,1.28e+006,168.000,X,02/06/17 - 17:05,15017,8883,2041,-645,8.5,170.9,9.091,13.35,22.8,182.9,645.1,1076773.7,0,11907,11666,10070,12229,X,X,X,X,
Hana-West\Hana-W-10 new.140,02/22/17 - 11:15,Hana-W-10 new,3.500,2.750,4525.00,4525.00,0.05008,0.05008,6195.00,6195.00,X,25,1.05,X,1.28e+006,168.000,X,X,X,X,X,X,X,X,X,X,X,X,X,X,X,X,X,X,X,3574,3574,100,1331.8,
Hana-West\Hana-W-10 new.141,03/04/17 - 11:42,Hana-W-10 new,3.500,2.750,3480.00,3480.00,0.05008,0.05008,6195.00,6195.00,X,25,1.05,X,1.28e+006,168.000,X,X,X,X,X,X,X,X,X,X,X,X,X,X,X,X,X,X,X,2070,2070,100,781.9,
Hana-West\Hana-W-10 new.142,03/11/17 - 09:55,Hana-W-10 new,3.500,2.750,3480.00,3480.00,0.05008,0.05008,6195.00,6195.00,X,25,1.05,X,1.28e+006,168.000,X,X,X,X,X,X,X,X,X,X,X,X,X,X,X,X,X,X,X,1988,1988,100,751.3,
Hana-West\Hana-W-10 new.143,04/02/17 - 11:39,Hana-W-10 new,3.500,2.750,3480.00,3480.00,0.05008,0.05008,6195.00,6195.00,X,25,1.05,X,1.28e+006,168.000,X,X,X,X,X,X,X,X,X,X,X,X,X,X,X,X,X,X,X,2062,2062,100,779.0,
Hana-West\Hana-W-10 new.144,04/08/17 - 08:22,Hana-W-10 new,3.500,2.750,3480.00,3480.00,0.05008,0.05008,6195.00,6195.00,X,25,1.05,X,1.28e+006,168.000,X,X,X,X,X,X,X,X,X,X,X,X,X,X,X,X,X,X,X,2088,2088,100,788.2,
Hana-West\Hana-W-10 new.145,04/22/17 - 08:57,Hana-W-10 new,3.500,2.750,3480.00,3480.00,0.05008,0.05008,6195.00,6195.00,X,25,1.05,X,1.28e+006,168.000,X,X,X,X,X,X,X,X,X,X,X,X,X,X,X,X,X,X,X,1954,1907,98,721.9,
Hana-West\Hana-W-10 new.146,04/29/17 - 09:38,Hana-W-10 new,3.500,2.750,3480.00,3480.00,0.05008,0.05008,6195.00,6195.00,X,25,1.05,X,1.28e+006,168.000,X,X,X,X,X,X,X,X,X,X,X,X,X,X,X,X,X,X,X,1918,1918,100,725.6,
Hana-West\Hana-W-10 new.147,05/07/17 - 13:39,Hana-W-10 new,3.500,2.750,3480.00,3480.00,0.05008,0.05008,6195.00,6195.00,X,25,1.05,X,1.28e+006,168.000,X,X,X,X,X,X,X,X,X,X,X,X,X,X,X,X,X,X,X,1899,1867,98,706.6,
Hana-West\Hana-W-10 new.148,05/18/17 - 08:04,Hana-W-10 new,3.500,2.750,3480.00,3480.00,0.05008,0.05008,6195.00,6195.00,X,25,1.05,X,1.28e+006,145.275,X,05/18/17 - 08:13,15895,6440,4920,-1757,7.3,156.2,6.569,100.00,156.2,904.6,1756.7,797612.9,20,9046,9277,9698,9405,2629,2629,100,990.3,
Hana-West\Hana-W-10 new.149,05/18/17 - 17:34,Hana-W-10 new,3.500,3.750,3504.00,3504.00,0.05008,0.05008,6195.00,6195.00,X,25,1.05,X,1.28e+006,144.000,X,05/18/17 - 17:34,18804,7766,8144,-414,16.1,152.1,6.569,100.00,152.1,1638.3,414.0,1332358.4,0,10564,9096,12201,17609,X,X,X,X,
Hana-West\Hana-W-10 new.150,08/19/17 - 08:34,Hana-W-10 new,3.500,3.750,3480.00,3480.00,0.05008,0.05008,6195.00,6195.00,X,25,1.05,X,X,144.000,X,X,X,X,X,X,X,X,X,X,X,X,X,X,X,X,X,X,X,1852,1852,100,698.8,
Hana-West\Hana-W-10 new.151,09/02/17 - 11:18,Hana-W-10 new,3.500,3.750,3480.00,3480.00,0.05008,0.05008,6195.00,6195.00,X,25,1.05,X,X,144.000,X,X,X,X,X,X,X,X,X,X,X,X,X,X,X,X,X,X,X,1857,1857,100,703.2,
Hana-West\Hana-W-10 new.152,09/09/17 - 08:11,Hana-W-10 new,3.500,3.750,3480.00,3480.00,0.05008,0.05008,6195.00,6195.00,X,25,1.05,X,X,144.000,X,09/09/17 - 08:30,22926,6356,12376,-443,25.4,135.8,6.522,97.25,132.1,1412.3,442.7,X,16,13243,9252,11344,17488,1860,1760,95,667.0,
Hana-West\Hana-W-10 new.153,09/16/17 - 08:28,Hana-W-10 new,3.500,3.750,3480.00,3480.00,0.05008,0.05008,6195.00,6195.00,X,25,1.05,X,X,144.000,X,X,X,X,X,X,X,X,X,X,X,X,X,X,X,X,X,X,X,1879,1879,100,711.3,
Hana-West\Hana-W-10 new.154,09/30/17 - 15:41,Hana-W-10 new,3.500,3.750,3480.00,3480.00,0.05008,0.05008,6195.00,6195.00,X,25,1.05,X,X,144.000,X,X,X,X,X,X,X,X,X,X,X,X,X,X,X,X,X,X,X,1571,1571,100,596.5,
Hana-West\Hana-W-10 new.155,10/02/17 - 10:47,Hana-W-10 new,3.500,3.750,3480.00,3480.00,0.05008,0.05008,6195.00,6195.00,X,25,1.05,X,X,144.000,X,X,X,X,X,X,X,X,X,X,X,X,X,X,X,X,X,X,X,1880,1880,100,711.5,
Hana-West\Hana-W-10 new.156,10/07/17 - 09:10,Hana-W-10 new,3.500,3.750,3480.00,3480.00,0.05008,0.05008,6195.00,6195.00,X,25,1.05,X,X,144.000,X,X,X,X,X,X,X,X,X,X,X,X,X,X,X,X,X,X,X,1917,1917,100,725.1,
Hana-West\Hana-W-10 new.157,10/14/17 - 14:18,Hana-W-10 new,3.500,3.750,3480.00,3480.00,0.05008,0.05008,6195.00,6195.00,X,25,1.05,X,X,144.000,X,X,X,X,X,X,X,X,X,X,X,X,X,X,X,X,X,X,X,1910,1910,100,723.0,
Hana-West\Hana-W-10 new.158,10/31/17 - 13:06,Hana-W-10 new,3.500,3.750,3480.00,3480.00,0.05008,0.05008,6195.00,6195.00,X,25,1.05,X,X,144.000,X,X,X,X,X,X,X,X,X,X,X,X,X,X,X,X,X,X,X,1924,1924,100,728.3,
Hana-West\Hana-W-10 new.159,11/14/17 - 11:15,Hana-W-10 new,3.500,3.750,3480.00,3480.00,0.05008,0.05008,6195.00,6195.00,X,25,1.05,X,X,144.000,X,X,X,X,X,X,X,X,X,X,X,X,X,X,X,X,X,X,X,1962,1962,100,738.6,
Hana-West\Hana-W-10 new.160,12/14/17 - 10:41,Hana-W-10 new,3.500,3.750,3480.00,3480.00,0.05008,0.05008,6195.00,6195.00,X,25,1.05,X,X,144.000,X,X,X,X,X,X,X,X,X,X,X,X,X,X,X,X,X,X,X,2016,2016,100,762.3,
Hana-West\Hana-w-11 (2).001,10/26/17 - 15:01,Hana-11,3.500,2.250,4902.00,4902.00,0.05051,0.05051,4923.00,4923.00,X,24.9,1.05,X,912000,144.563,X,X,X,X,X,X,X,X,X,X,X,X,X,X,X,X,X,X,X,3821,3821,100,1410.0,
Hana-West\Hana-w-11 (2).002,10/31/17 - 12:47,Hana-11,3.500,2.250,4902.00,4902.00,0.05051,0.05051,4923.00,4923.00,X,24.9,1.05,X,912000,144.563,X,X,X,X,X,X,X,X,X,X,X,X,X,X,X,X,X,X,X,3769,3769,100,1391.3,
Hana-West\Hana-W-9 new.158,01/14/17 - 08:46,Hana-W-9 new,3.500,3.750,3711.50,3711.50,0.04757,0.04757,6193.00,6193.00,X,24,1.05,X,1.28e+006,168.000,X,01/14/17 - 08:53,10995,7877,47,-1162,3.2,170.1,6.667,100.00,170.1,1859.2,1161.8,928731.4,17,9429,9817,9607,18651,2076,2076,100,790.7,
Hana-West\Hana-W-9 new.159,02/01/17 - 10:33,Hana-W-9 new,3.500,3.750,4902.00,4902.00,0.04757,0.04757,6193.00,6193.00,X,24,1.05,X,1.28e+006,168.000,X,X,X,X,X,X,X,X,X,X,X,X,X,X,X,X,X,X,X,3715,3715,100,1395.5,
Hana-West\Hana-W-9 new.160,02/05/17 - 08:15,Hana-W-9 new,3.500,X,4875.00,4875.00,0.04757,0.04757,6209.50,6209.50,X,24,1.05,X,X,X,X,X,X,X,X,X,X,X,X,X,X,X,X,X,X,X,X,X,X,3599,3599,100,1346.2,
Hana-West\Hana-W-9 new.161,02/07/17 - 17:08,Hana-W-9 new,3.500,X,4875.00,4875.00,0.04757,0.04757,6209.50,6209.50,X,24,1.05,X,X,X,X,X,X,X,X,X,X,X,X,X,X,X,X,X,X,X,X,X,X,3167,3167,100,1188.9,
Hana-West\Hana-W-9 new.162,02/11/17 - 08:56,Hana-W-9 new,3.500,X,4875.00,4875.00,0.04757,0.04757,6209.50,6209.50,X,24,1.05,X,X,X,X,X,X,X,X,X,X,X,X,X,X,X,X,X,X,X,X,X,X,2908,2908,100,1093.4,
Hana-West\Hana-W-9 new.163,02/20/17 - 10:50,Hana-W-9 new,3.500,X,4875.00,4875.00,0.04757,0.04757,6209.50,6209.50,X,24,1.05,X,X,X,X,X,X,X,X,X,X,X,X,X,X,X,X,X,X,X,X,X,X,2741,2741,100,1032.0,
Hana-West\Hana-W-9 new.164,02/24/17 - 10:43,Hana-W-9 new,3.500,X,4875.00,4875.00,0.04757,0.04757,6209.50,6209.50,X,24,1.05,X,X,X,X,X,X,X,X,X,X,X,X,X,X,X,X,X,X,X,X,X,X,2742,2742,100,1032.9,
Hana-West\Hana-W-9 new.165,03/11/17 - 09:48,Hana-W-9 new,3.500,X,4875.00,4875.00,0.04757,0.04757,6209.50,6209.50,X,24,1.05,X,X,X,X,X,X,X,X,X,X,X,X,X,X,X,X,X,X,X,X,X,X,2632,2632,100,991.7,
Hana-West\Hana-W-9 new.166,03/25/17 - 08:38,Hana-W-9 new,3.500,X,4875.00,4875.00,0.04757,0.04757,6209.50,6209.50,X,24,1.05,X,X,X,X,X,X,X,X,X,X,X,X,X,X,X,X,X,X,X,X,X,X,4214,4214,100,1580.5,
Hana-West\Hana-W-9 new.167,04/08/17 - 08:29,Hana-W-9 new,3.500,X,4875.00,4875.00,0.04757,0.04757,6209.50,6209.50,X,24,1.05,X,X,X,X,X,X,X,X,X,X,X,X,X,X,X,X,X,X,X,X,X,X,4297,4297,100,1610.0,
Hana-West\Hana-W-9 new.168,04/16/17 - 13:33,Hana-W-9 new,3.500,X,4875.00,4875.00,0.04757,0.04757,6209.50,6209.50,X,24,1.05,X,X,X,X,X,X,X,X,X,X,X,X,X,X,X,X,X,X,X,X,X,X,4320,4320,100,1619.4,
Hana-West\Hana-W-9 new.169,05/07/17 - 13:46,Hana-W-9 new,3.500,X,4875.00,4875.00,0.04757,0.04757,6209.50,6209.50,X,24,1.05,X,X,X,X,X,X,X,X,X,X,X,X,X,X,X,X,X,X,X,X,X,X,4320,4320,100,1619.2,
Hana-West\Hana-W-9 new.170,05/28/17 - 12:42,Hana-W-9 new,3.500,X,4875.00,4875.00,0.04757,0.04757,6209.50,6209.50,X,24,1.05,X,X,X,X,X,X,X,X,X,X,X,X,X,X,X,X,X,X,X,X,X,X,3150,3150,100,1180.4,
Hana-West\Hana-W-9 new.171,06/06/17 - 09:22,Hana-W-9 new,3.500,X,4875.00,4875.00,0.04757,0.04757,6209.50,6209.50,X,24,1.05,X,X,X,X,X,X,X,X,X,X,X,X,X,X,X,X,X,X,X,X,X,X,3063,3063,100,1149.7,
Hana-West\Hana-W-9 new.172,06/10/17 - 12:52,Hana-W-9 new,3.500,X,4875.00,4875.00,0.04757,0.04757,6209.50,6209.50,X,24,1.05,X,X,X,X,X,X,X,X,X,X,X,X,X,X,X,X,X,X,X,X,X,X,2817,2817,100,1059.6,
Hana-West\Hana-W-9 new.173,06/17/17 - 08:31,Hana-W-9 new,3.500,X,4875.00,4875.00,0.04757,0.04757,6209.50,6209.50,X,24,1.05,X,X,X,X,X,X,X,X,X,X,X,X,X,X,X,X,X,X,X,X,X,X,2828,2828,100,1064.9,
Hana-West\Hana-W-9 new.174,06/24/17 - 08:06,Hana-W-9 new,3.500,X,4875.00,4875.00,0.04757,0.04757,6209.50,6209.50,X,24,1.05,X,X,X,X,X,X,X,X,X,X,X,X,X,X,X,X,X,X,X,X,X,X,2560,2560,100,959.4,
Hana-West\Hana-W-9 new.175,07/02/17 - 11:01,Hana-W-9 new,3.500,X,4875.00,4875.00,0.04757,0.04757,6209.50,6209.50,X,24,1.05,X,X,X,X,X,X,X,X,X,X,X,X,X,X,X,X,X,X,X,X,X,X,2869,2869,100,1080.2,
Hana-West\Hana-W-9 new.176,08/05/17 - 08:14,Hana-W-9 new,3.500,X,4875.00,4875.00,0.04757,0.04757,6209.50,6209.50,X,24,1.05,X,X,X,X,X,X,X,X,X,X,X,X,X,X,X,X,X,X,X,X,X,X,4363,4363,100,1635.0,
Hana-West\Hana-W-9 new.177,08/26/17 - 10:45,Hana-W-9 new,3.500,X,4875.00,4875.00,0.04757,0.04757,6209.50,6209.50,X,24,1.05,X,X,X,X,X,X,X,X,X,X,X,X,X,X,X,X,X,X,X,X,X,X,4374,4374,100,1639.0,
Hana-West\Hana-W-9 new.178,11/27/17 - 11:57,Hana-W-9 new,3.500,X,4875.00,4875.00,0.04757,0.04757,6209.50,6209.50,X,24,1.05,X,X,X,X,X,X,X,X,X,X,X,X,X,X,X,X,X,X,X,X,X,X,4580,4580,100,1682.6,
Hana-West\Hana-West-2.227,01/07/17 - 12:25,Hana-West-2,3.500,X,2172.00,2172.00,0.02523,0.02523,5042.00,5042.00,X,25,1.05,X,X,100.000,X,X,X,X,X,X,X,X,X,X,X,X,X,X,X,X,X,X,X,408,408,100,151.8,
Hana-West\Hana-West-2.228,01/11/17 - 16:47,Hana-West-2,3.500,X,2172.00,2172.00,0.02523,0.02523,5042.00,5042.00,X,25,1.05,X,X,100.000,X,X,X,X,X,X,X,X,X,X,X,X,X,X,X,X,X,X,X,402,402,100,154.7,
Hana-West\Hana-West-2.229,01/14/17 - 09:08,Hana-West-2,3.500,X,2172.00,2172.00,0.02523,0.02523,5042.00,5042.00,X,25,1.05,X,X,100.000,X,X,X,X,X,X,X,X,X,X,X,X,X,X,X,X,X,X,X,430,430,100,166.1,
Hana-West\Hana-West-2.230,01/15/17 - 10:38,Hana-West-2,3.500,X,2172.00,2172.00,0.02523,0.02523,5042.00,5042.00,X,25,1.05,X,X,100.000,X,X,X,X,X,X,X,X,X,X,X,X,X,X,X,X,X,X,X,398,398,100,153.3,
Hana-West\Hana-West-2.231,01/16/17 - 10:32,Hana-West-2,3.500,X,2172.00,2172.00,0.02523,0.02523,5042.00,5042.00,X,25,1.05,X,X,100.000,X,X,X,X,X,X,X,X,X,X,X,X,X,X,X,X,X,X,X,380,380,100,146.3,
Hana-West\Hana-West-2.232,01/18/17 - 10:37,Hana-West-2,3.500,X,2172.00,2172.00,0.02523,0.02523,5042.00,5042.00,X,25,1.05,X,X,100.000,X,X,X,X,X,X,X,X,X,X,X,X,X,X,X,X,X,X,X,368,368,100,142.3,
Hana-West\Hana-West-2.233,01/20/17 - 10:14,Hana-West-2,3.500,X,2172.00,2172.00,0.02523,0.02523,5042.00,5042.00,X,25,1.05,X,X,100.000,X,X,X,X,X,X,X,X,X,X,X,X,X,X,X,X,X,X,X,344,344,100,133.3,
Hana-West\Hana-West-2.234,01/21/17 - 08:29,Hana-West-2,3.500,X,2172.00,2172.00,0.02523,0.02523,5042.00,5042.00,X,25,1.05,X,X,100.000,X,X,X,X,X,X,X,X,X,X,X,X,X,X,X,X,X,X,X,332,332,100,128.5,
Hana-West\Hana-West-2.235,01/23/17 - 10:47,Hana-West-2,3.500,X,2172.00,2172.00,0.02523,0.02523,5042.00,5042.00,X,25,1.05,X,X,100.000,X,X,X,X,X,X,X,X,X,X,X,X,X,X,X,X,X,X,X,331,331,100,127.6,
Hana-West\Hana-West-2.236,01/24/17 - 13:23,Hana-West-2,3.500,X,2172.00,2172.00,0.02523,0.02523,5042.00,5042.00,X,25,1.05,X,X,100.000,X,X,X,X,X,X,X,X,X,X,X,X,X,X,X,X,X,X,X,324,324,100,125.0,
Hana-West\Hana-West-2.237,01/26/17 - 11:17,Hana-West-2,3.500,X,2172.00,2172.00,0.02523,0.02523,5042.00,5042.00,X,25,1.05,X,X,100.000,X,X,X,X,X,X,X,X,X,X,X,X,X,X,X,X,X,X,X,302,302,100,116.6,
Hana-West\Hana-West-2.238,01/27/17 - 10:45,Hana-West-2,3.500,X,2172.00,2172.00,0.02523,0.02523,5042.00,5042.00,X,25,1.05,X,X,100.000,X,X,X,X,X,X,X,X,X,X,X,X,X,X,X,X,X,X,X,285,285,100,110.3,
Hana-West\Hana-West-2.239,01/28/17 - 14:44,Hana-West-2,3.500,X,2172.00,2172.00,0.02523,0.02523,5042.00,5042.00,X,25,1.05,X,X,100.000,X,X,X,X,X,X,X,X,X,X,X,X,X,X,X,X,X,X,X,256,244,95,94.4,
Hana-West\Hana-West-2.240,01/29/17 - 07:38,Hana-West-2,3.500,X,2172.00,2172.00,0.02523,0.02523,5042.00,5042.00,X,25,1.05,X,X,100.000,X,X,X,X,X,X,X,X,X,X,X,X,X,X,X,X,X,X,X,260,259,100,100.5,
Hana-West\Hana-West-2.241,01/29/17 - 17:58,Hana-West-2,3.500,X,2172.00,2172.00,0.02523,0.02523,5042.00,5042.00,X,25,1.05,X,X,100.000,X,X,X,X,X,X,X,X,X,X,X,X,X,X,X,X,X,X,X,266,266,100,103.1,
Hana-West\Hana-West-2.242,01/30/17 - 16:30,Hana-West-2,3.500,X,2172.00,2172.00,0.02523,0.02523,5042.00,5042.00,X,25,1.05,X,X,100.000,X,X,X,X,X,X,X,X,X,X,X,X,X,X,X,X,X,X,X,295,295,100,114.4,
Hana-West\Hana-West-2.243,02/01/17 - 10:50,Hana-West-2,3.500,X,2172.00,2172.00,0.02523,0.02523,5042.00,5042.00,X,25,1.05,X,X,100.000,X,X,X,X,X,X,X,X,X,X,X,X,X,X,X,X,X,X,X,305,305,100,118.0,
Hana-West\Hana-West-2.244,02/04/17 - 08:51,Hana-West-2,3.500,X,2172.00,2172.00,0.02523,0.02523,5042.00,5042.00,X,25,1.05,X,X,100.000,X,X,X,X,X,X,X,X,X,X,X,X,X,X,X,X,X,X,X,348,348,100,129.2,
Hana-West\Hana-West-2.245,02/05/17 - 08:23,Hana-West-2,3.500,X,2172.00,2172.00,0.02523,0.02523,5042.00,5042.00,X,25,1.05,X,X,X,150,X,X,X,X,X,X,X,X,X,X,X,X,X,X,X,X,X,X,X,X,100,0.6,
Hana-West\Hana-West-2.246,02/07/17 - 17:19,Hana-West-2,3.500,X,2172.00,2172.00,0.02523,0.02523,5042.00,5042.00,X,25,1.05,X,X,100.000,X,X,X,X,X,X,X,X,X,X,X,X,X,X,X,X,X,X,X,446,446,100,172.0,
Hana-West\Hana-West-2.247,02/11/17 - 09:22,Hana-West-2,3.500,X,2172.00,2172.00,0.02523,0.02523,5042.00,5042.00,X,25,1.05,X,X,100.000,X,X,X,X,X,X,X,X,X,X,X,X,X,X,X,X,X,X,X,515,515,100,198.2,
Hana-West\Hana-West-2.248,02/12/17 - 11:35,Hana-West-2,3.500,X,2172.00,2172.00,0.02523,0.02523,5042.00,5042.00,X,25,1.05,X,X,100.000,X,X,X,X,X,X,X,X,X,X,X,X,X,X,X,X,X,X,X,513,513,100,197.7,
Hana-West\Hana-West-2.249,02/14/17 - 17:38,Hana-West-2,3.500,X,2172.00,2172.00,0.02523,0.02523,5042.00,5042.00,X,25,1.05,X,X,100.000,X,X,X,X,X,X,X,X,X,X,X,X,X,X,X,X,X,X,X,562,562,100,216.3,
Hana-West\Hana-West-2.250,02/16/17 - 11:42,Hana-West-2,3.500,X,2172.00,2172.00,0.02523,0.02523,5042.00,5042.00,X,25,1.05,X,X,100.000,X,X,X,X,X,X,X,X,X,X,X,X,X,X,X,X,X,X,X,611,611,100,235.0,
Hana-West\Hana-West-2.251,02/18/17 - 17:13,Hana-West-2,3.500,X,2172.00,2172.00,0.02523,0.02523,5042.00,5042.00,X,25,1.05,X,X,100.000,X,X,X,X,X,X,X,X,X,X,X,X,X,X,X,X,X,X,X,252,252,100,97.5,
Hana-West\Hana-West-2.252,02/23/17 - 13:58,Hana-West-2,3.500,X,2172.00,2172.00,0.02523,0.02523,5042.00,5042.00,X,25,1.05,X,X,100.000,X,X,X,X,X,X,X,X,X,X,X,X,X,X,X,X,X,X,X,414,414,100,159.7,
Hana-West\Hana-West-2.253,02/25/17 - 10:19,Hana-West-2,3.500,X,2172.00,2172.00,0.02523,0.02523,5042.00,5042.00,X,25,1.05,X,X,100.000,X,X,X,X,X,X,X,X,X,X,X,X,X,X,X,X,X,X,X,482,482,100,185.6,
Hana-West\Hana-West-2.254,02/26/17 - 08:54,Hana-West-2,3.500,X,2172.00,2172.00,0.02523,0.02523,5042.00,5042.00,X,25,1.05,X,X,100.000,X,X,X,X,X,X,X,X,X,X,X,X,X,X,X,X,X,X,X,509,509,100,196.1,
Hana-West\Hana-West-2.255,02/27/17 - 17:17,Hana-West-2,3.500,X,2172.00,2172.00,0.02523,0.02523,5042.00,5042.00,X,25,1.05,X,X,100.000,X,X,X,X,X,X,X,X,X,X,X,X,X,X,X,X,X,X,X,509,509,100,195.8,
Hana-West\Hana-West-2.256,02/28/17 - 17:19,Hana-West-2,3.500,X,2172.00,2172.00,0.02523,0.02523,5042.00,5042.00,X,25,1.05,X,X,100.000,X,X,X,X,X,X,X,X,X,X,X,X,X,X,X,X,X,X,X,534,534,100,205.2,
Hana-West\Hana-West-2.257,03/02/17 - 10:45,Hana-West-2,3.500,X,2172.00,2172.00,0.02523,0.02523,5042.00,5042.00,X,25,1.05,X,X,100.000,X,X,X,X,X,X,X,X,X,X,X,X,X,X,X,X,X,X,X,513,513,100,197.3,
Hana-West\Hana-West-2.258,03/04/17 - 11:18,Hana-West-2,3.500,X,2172.00,2172.00,0.02523,0.02523,5042.00,5042.00,X,25,1.05,X,X,100.000,X,X,X,X,X,X,X,X,X,X,X,X,X,X,X,X,X,X,X,491,491,100,188.9,
Hana-West\Hana-West-2.259,03/14/17 - 09:13,Hana-West-2,3.500,X,2172.00,2172.00,0.02523,0.02523,5042.00,5042.00,X,25,1.05,X,X,100.000,X,X,X,X,X,X,X,X,X,X,X,X,X,X,X,X,X,X,X,643,643,100,247.3,
Hana-West\Hana-West-2.260,03/17/17 - 10:07,Hana-West-2,3.500,X,2172.00,2172.00,0.02523,0.02523,5042.00,5042.00,X,25,1.05,X,X,100.000,X,X,X,X,X,X,X,X,X,X,X,X,X,X,X,X,X,X,X,876,876,100,335.0,
Hana-West\Hana-West-2.261,03/19/17 - 11:20,Hana-West-2,3.500,X,4459.72,4459.72,0.02523,0.02523,5060.00,5060.00,X,25,1.05,X,X,100.000,X,X,X,X,X,X,X,X,X,X,X,X,X,X,X,X,X,X,X,3342,3342,100,1240.2,
Hana-West\Hana-West-2.262,03/22/17 - 10:29,Hana-West-2,3.500,X,4459.72,4459.72,0.02523,0.02523,5060.00,5060.00,X,25,1.05,X,X,100.000,X,X,X,X,X,X,X,X,X,X,X,X,X,X,X,X,X,X,X,3308,3308,100,1227.8,
Hana-West\Hana-West-2.263,03/24/17 - 15:35,Hana-West-2,3.500,X,4459.72,4459.72,0.02523,0.02523,5060.00,5060.00,X,25,1.05,X,X,100.000,X,X,X,X,X,X,X,X,X,X,X,X,X,X,X,X,X,X,X,3255,3255,100,1210.1,
Hana-West\Hana-West-2.264,03/25/17 - 08:32,Hana-West-2,3.500,X,4459.72,4459.72,0.02523,0.02523,5060.00,5060.00,X,25,1.05,X,X,100.000,X,X,X,X,X,X,X,X,X,X,X,X,X,X,X,X,X,X,X,3515,3515,100,1294.3,
Hana-West\Hana-West-2.265,03/27/17 - 10:18,Hana-West-2,3.500,X,4459.72,4459.72,0.02523,0.02523,5060.00,5060.00,X,25,1.05,X,X,100.000,X,X,X,X,X,X,X,X,X,X,X,X,X,X,X,X,X,X,X,3303,3303,100,1225.8,
Hana-West\Hana-West-2.266,03/29/17 - 10:54,Hana-West-2,3.500,X,4459.72,4459.72,0.02523,0.02523,5060.00,5060.00,X,25,1.05,X,X,100.000,X,X,X,X,X,X,X,X,X,X,X,X,X,X,X,X,X,X,X,3307,3307,100,1227.4,
Hana-West\Hana-West-2.267,04/02/17 - 11:48,Hana-West-2,3.500,X,4459.72,4459.72,0.02523,0.02523,5060.00,5060.00,X,25,1.05,X,X,100.000,X,X,X,X,X,X,X,X,X,X,X,X,X,X,X,X,X,X,X,3532,3532,100,1300.3,
Hana-West\Hana-West-2.268,04/08/17 - 08:35,Hana-West-2,3.500,X,4459.72,4459.72,0.02523,0.02523,5060.00,5060.00,X,25,1.05,X,X,100.000,X,X,X,X,X,X,X,X,X,X,X,X,X,X,X,X,X,X,X,3576,3576,100,1315.0,
Hana-West\Hana-West-2.269,04/12/17 - 15:47,Hana-West-2,3.500,X,4459.72,4459.72,0.02523,0.02523,5060.00,5060.00,X,25,1.05,X,X,100.000,X,X,X,X,X,X,X,X,X,X,X,X,X,X,X,X,X,X,X,3367,3367,100,1248.7,
Hana-West\Hana-West-2.270,04/15/17 - 09:41,Hana-West-2,3.500,X,4459.72,4459.72,0.02523,0.02523,5060.00,5060.00,X,25,1.05,X,X,100.000,X,X,X,X,X,X,X,X,X,X,X,X,X,X,X,X,X,X,X,3318,3318,100,1232.0,
Hana-West\Hana-West-2.271,04/22/17 - 09:10,Hana-West-2,3.500,X,4459.72,4459.72,0.02523,0.02523,5060.00,5060.00,X,25,1.05,X,X,100.000,X,X,X,X,X,X,X,X,X,X,X,X,X,X,X,X,X,X,X,3283,3283,100,1219.3,
Hana-West\Hana-West-2.272,04/29/17 - 09:16,Hana-West-2,3.500,X,4459.72,4459.72,0.02523,0.02523,5060.00,5060.00,X,25,1.05,X,X,100.000,X,X,X,X,X,X,X,X,X,X,X,X,X,X,X,X,X,X,X,3294,3294,100,1223.2,
Hana-West\Hana-West-2.273,05/07/17 - 08:25,Hana-West-2,3.500,X,4459.72,4459.72,0.02523,0.02523,5060.00,5060.00,X,25,1.05,X,X,100.000,X,X,X,X,X,X,X,X,X,X,X,X,X,X,X,X,X,X,X,3279,3279,100,1217.4,
Hana-West\Hana-West-2.274,05/20/17 - 08:23,Hana-West-2,3.500,X,4459.72,4459.72,0.02523,0.02523,5060.00,5060.00,X,25,1.05,X,X,100.000,X,X,X,X,X,X,X,X,X,X,X,X,X,X,X,X,X,X,X,3425,3425,100,1270.3,
Hana-West\Hana-West-2.275,05/26/17 - 09:51,Hana-West-2,3.500,X,4459.72,4459.72,0.02523,0.02523,5060.00,5060.00,X,25,1.05,X,X,100.000,X,X,X,X,X,X,X,X,X,X,X,X,X,X,X,X,X,X,X,3457,3457,100,1281.1,
Hana-West\Hana-West-2.276,06/03/17 - 07:57,Hana-West-2,3.500,X,4459.72,4459.72,0.02523,0.02523,5060.00,5060.00,X,25,1.05,X,X,100.000,X,X,X,X,X,X,X,X,X,X,X,X,X,X,X,X,X,X,X,3315,3315,100,1230.3,
Hana-West\Hana-West-2.277,06/10/17 - 08:43,Hana-West-2,3.500,X,4459.72,4459.72,0.02523,0.02523,5060.00,5060.00,X,25,1.05,X,X,100.000,X,X,X,X,X,X,X,X,X,X,X,X,X,X,X,X,X,X,X,3319,3319,100,1231.8,
Hana-West\Hana-West-2.278,06/17/17 - 08:53,Hana-West-2,3.500,X,4459.72,4459.72,0.02523,0.02523,5060.00,5060.00,X,25,1.05,X,X,100.000,X,X,X,X,X,X,X,X,X,X,X,X,X,X,X,X,X,X,X,3298,3298,100,1224.5,
Hana-West\Hana-West-2.279,06/24/17 - 08:16,Hana-West-2,3.500,X,4459.72,4459.72,0.02523,0.02523,5060.00,5060.00,X,25,1.05,X,X,100.000,X,X,X,X,X,X,X,X,X,X,X,X,X,X,X,X,X,X,X,3314,3314,100,1228.8,
Hana-West\Hana-West-2.280,07/02/17 - 10:38,Hana-West-2,3.500,X,4459.72,4459.72,0.02523,0.02523,5060.00,5060.00,X,25,1.05,X,X,100.000,X,X,X,X,X,X,X,X,X,X,X,X,X,X,X,X,X,X,X,3336,3336,100,1238.4,
Hana-West\Hana-West-2.281,07/08/17 - 10:22,Hana-West-2,3.500,X,4459.72,4459.72,0.02523,0.02523,5060.00,5060.00,X,25,1.05,X,X,100.000,X,X,X,X,X,X,X,X,X,X,X,X,X,X,X,X,X,X,X,3366,3366,100,1249.1,
Hana-West\Hana-West-2.282,07/21/17 - 13:59,Hana-West-2,3.500,X,4459.72,4459.72,0.02523,0.02523,5060.00,5060.00,X,25,1.05,X,X,100.000,X,X,X,X,X,X,X,X,X,X,X,X,X,X,X,X,X,X,X,3383,3383,100,1255.0,
Hana-West\Hana-West-2.283,07/29/17 - 10:28,Hana-West-2,3.500,X,4459.72,4459.72,0.02523,0.02523,5060.00,5060.00,X,25,1.05,X,X,100.000,X,X,X,X,X,X,X,X,X,X,X,X,X,X,X,X,X,X,X,3328,3328,100,1235.4,
Hana-West\Hana-West-2.284,08/05/17 - 08:25,Hana-West-2,3.500,X,4459.72,4459.72,0.02523,0.02523,5060.00,5060.00,X,25,1.05,X,X,100.000,X,X,X,X,X,X,X,X,X,X,X,X,X,X,X,X,X,X,X,3309,3309,100,1228.7,
Hana-West\Hana-West-2.285,08/12/17 - 09:20,Hana-West-2,3.500,X,4459.72,4459.72,0.02523,0.02523,5060.00,5060.00,X,25,1.05,X,X,100.000,X,X,X,X,X,X,X,X,X,X,X,X,X,X,X,X,X,X,X,3292,3292,100,1222.2,
Hana-West\Hana-West-2.286,08/19/17 - 08:21,Hana-West-2,3.500,X,4459.72,4459.72,0.02523,0.02523,5060.00,5060.00,X,25,1.05,X,X,100.000,X,X,X,X,X,X,X,X,X,X,X,X,X,X,X,X,X,X,X,3328,3328,100,1233.1,
Hana-West\Hana-West-2.287,08/26/17 - 10:33,Hana-West-2,3.500,X,4459.72,4459.72,0.02523,0.02523,5060.00,5060.00,X,25,1.05,X,X,100.000,X,X,X,X,X,X,X,X,X,X,X,X,X,X,X,X,X,X,X,3334,3334,100,1237.4,
Hana-West\Hana-West-2.288,09/08/17 - 09:16,Hana-West-2,3.500,X,4459.72,4459.72,0.02523,0.02523,5060.00,5060.00,X,25,1.05,X,X,100.000,X,X,X,X,X,X,X,X,X,X,X,X,X,X,X,X,X,X,X,3331,3331,100,1235.4,
Hana-West\Hana-West-2.289,09/16/17 - 08:17,Hana-West-2,3.500,X,4459.72,4459.72,0.02523,0.02523,5060.00,5060.00,X,25,1.05,X,X,100.000,X,X,X,X,X,X,X,X,X,X,X,X,X,X,X,X,X,X,X,3363,3363,100,1248.2,
Hana-West\Hana-West-2.290,09/22/17 - 10:35,Hana-West-2,3.500,X,4459.72,4459.72,0.02523,0.02523,5060.00,5060.00,X,25,1.05,X,X,100.000,X,X,X,X,X,X,X,X,X,X,X,X,X,X,X,X,X,X,X,3327,3327,100,1235.2,
Hana-West\Hana-West-2.291,09/29/17 - 09:00,Hana-West-2,3.500,X,4459.72,4459.72,0.02523,0.02523,5060.00,5060.00,X,25,1.05,X,X,100.000,X,X,X,X,X,X,X,X,X,X,X,X,X,X,X,X,X,X,X,3326,3326,100,1234.4,
Hana-West\Hana-West-2.292,09/30/17 - 15:23,Hana-West-2,3.500,X,4459.72,4459.72,0.02523,0.02523,5060.00,5060.00,X,25,1.05,X,X,100.000,X,X,X,X,X,X,X,X,X,X,X,X,X,X,X,X,X,X,X,3312,3312,100,1229.8,
Hana-West\Hana-West-2.293,10/07/17 - 08:57,Hana-West-2,3.500,X,4459.72,4459.72,0.02523,0.02523,5060.00,5060.00,X,25,1.05,X,X,100.000,X,X,X,X,X,X,X,X,X,X,X,X,X,X,X,X,X,X,X,3346,3346,100,1241.8,
Hana-West\Hana-West-2.294,10/14/17 - 14:08,Hana-West-2,3.500,X,4459.72,4459.72,0.02523,0.02523,5060.00,5060.00,X,25,1.05,X,X,100.000,X,X,X,X,X,X,X,X,X,X,X,X,X,X,X,X,X,X,X,557,500,90,195.4,
Hana-West\Hana-West-2.295,10/15/17 - 11:28,Hana-West-2,3.500,X,4459.72,4459.72,0.02523,0.02523,5060.00,5060.00,X,25,1.05,X,X,100.000,X,X,X,X,X,X,X,X,X,X,X,X,X,X,X,X,X,X,X,3003,3003,100,1119.4,
Hana-West\Hana-West-2.296,10/28/17 - 11:06,Hana-West-2,3.500,X,4459.72,4459.72,0.02523,0.02523,5060.00,5060.00,X,25,1.05,X,X,100.000,X,X,X,X,X,X,X,X,X,X,X,X,X,X,X,X,X,X,X,3102,3102,100,1154.2,
Hana-West\Hana-West-2.297,11/12/17 - 11:13,Hana-West-2,3.500,X,4459.72,4459.72,0.02523,0.02523,5060.00,5060.00,X,25,1.05,X,X,100.000,X,X,X,X,X,X,X,X,X,X,X,X,X,X,X,X,X,X,X,3243,3243,100,1203.4,
Hana-West\Hana-West-2.298,11/26/17 - 10:37,Hana-West-2,3.500,X,4459.72,4459.72,0.02523,0.02523,5060.00,5060.00,X,25,1.05,X,X,100.000,X,X,X,X,X,X,X,X,X,X,X,X,X,X,X,X,X,X,X,3261,3261,100,1210.3,
Hana-West\Hana-West-2.299,12/09/17 - 10:19,Hana-West-2,3.500,X,4459.72,4459.72,0.02523,0.02523,5060.00,5060.00,X,25,1.05,X,X,100.000,X,X,X,X,X,X,X,X,X,X,X,X,X,X,X,X,X,X,X,3284,3284,100,1218.7,
Hana-West\Hana-West-2.300,12/14/17 - 10:33,Hana-West-2,3.500,X,4459.72,4459.72,0.02523,0.02523,5060.00,5060.00,X,25,1.05,X,X,100.000,X,X,X,X,X,X,X,X,X,X,X,X,X,X,X,X,X,X,X,3317,3317,100,1230.7,
Hana-West\Hana-West-2.301,12/27/17 - 08:41,Hana-West-2,3.500,X,4459.72,4459.72,0.02523,0.02523,5060.00,5060.00,X,25,1.05,X,X,100.000,X,X,X,X,X,X,X,X,X,X,X,X,X,X,X,X,X,X,X,3314,3314,100,1227.1,
Hana-West\Hana-West-5.231,01/07/17 - 11:27,Hana-West-5,3.500,X,4501.00,4501.00,0.03025,0.03025,4990.00,4990.00,X,25,1.05,X,X,X,X,X,X,X,X,X,X,X,X,X,X,X,X,X,X,X,X,X,X,3096,3096,100,1145.1,
Hana-West\Hana-West-5.232,01/14/17 - 08:12,Hana-West-5,3.500,X,4501.00,4501.00,0.03025,0.03025,4990.00,4990.00,X,25,1.05,X,X,X,X,X,X,X,X,X,X,X,X,X,X,X,X,X,X,X,X,X,X,3110,3110,100,1155.2,
Hana-West\Hana-West-5.233,01/15/17 - 10:33,Hana-West-5,3.500,X,4501.00,4501.00,0.03025,0.03025,4990.00,4990.00,X,25,1.05,X,X,X,X,X,X,X,X,X,X,X,X,X,X,X,X,X,X,X,X,X,X,3075,3075,100,1142.6,
Hana-West\Hana-West-5.234,01/16/17 - 10:26,Hana-West-5,3.500,X,4501.00,4501.00,0.03025,0.03025,4990.00,4990.00,X,25,1.05,X,X,X,X,X,X,X,X,X,X,X,X,X,X,X,X,X,X,X,X,X,X,3072,3072,100,1141.5,
Hana-West\Hana-West-5.235,01/18/17 - 10:31,Hana-West-5,3.500,X,4501.00,4501.00,0.03025,0.03025,4990.00,4990.00,X,25,1.05,X,X,X,X,X,X,X,X,X,X,X,X,X,X,X,X,X,X,X,X,X,X,3034,3034,100,1128.0,
Hana-West\Hana-West-5.236,01/20/17 - 10:01,Hana-West-5,3.500,X,4501.00,4501.00,0.03025,0.03025,4990.00,4990.00,X,25,1.05,X,X,X,X,X,X,X,X,X,X,X,X,X,X,X,X,X,X,X,X,X,X,3009,3009,100,1118.8,
Hana-West\Hana-West-5.237,01/26/17 - 11:11,Hana-West-5,3.500,X,4501.00,4501.00,0.03025,0.03025,4990.00,4990.00,X,25,1.05,X,X,X,X,X,X,X,X,X,X,X,X,X,X,X,X,X,X,X,X,X,X,2950,2950,100,1097.5,
Hana-West\Hana-West-5.238,01/28/17 - 14:05,Hana-West-5,3.500,X,4501.00,4501.00,0.03025,0.03025,4990.00,4990.00,X,25,1.05,X,X,X,X,X,X,X,X,X,X,X,X,X,X,X,X,X,X,X,X,X,X,2907,2907,100,1082.0,
Hana-West\Hana-West-5.239,02/07/17 - 17:29,Hana-West-5,3.500,X,4501.00,4501.00,0.03025,0.03025,4990.00,4990.00,X,25,1.05,X,X,X,X,X,X,X,X,X,X,X,X,X,X,X,X,X,X,X,X,X,X,2893,2893,100,1077.0,
Hana-West\Hana-West-5.240,02/11/17 - 08:45,Hana-West-5,3.500,X,4501.00,4501.00,0.03025,0.03025,4990.00,4990.00,X,25,1.05,X,X,X,X,X,X,X,X,X,X,X,X,X,X,X,X,X,X,X,X,X,X,2892,2892,100,1076.2,
Hana-West\Hana-West-5.241,02/25/17 - 10:07,Hana-West-5,3.500,X,4501.00,4501.00,0.03025,0.03025,4990.00,4990.00,X,25,1.05,X,X,X,X,X,X,X,X,X,X,X,X,X,X,X,X,X,X,X,X,X,X,3106,3106,100,1154.1,
Hana-West\Hana-West-5.242,03/11/17 - 09:35,Hana-West-5,3.500,X,4501.00,4501.00,0.03025,0.03025,4990.00,4990.00,X,25,1.05,X,X,X,X,X,X,X,X,X,X,X,X,X,X,X,X,X,X,X,X,X,X,3201,3201,100,1188.1,
Hana-West\Hana-West-5.243,03/25/17 - 08:26,Hana-West-5,3.500,X,4501.00,4501.00,0.03025,0.03025,4990.00,4990.00,X,25,1.05,X,X,X,X,X,X,X,X,X,X,X,X,X,X,X,X,X,X,X,X,X,X,3236,3236,100,1201.2,
Hana-West\Hana-West-5.244,04/01/17 - 13:53,Hana-West-5,3.500,X,4501.00,4501.00,0.03025,0.03025,4990.00,4990.00,X,25,1.05,X,X,X,X,X,X,X,X,X,X,X,X,X,X,X,X,X,X,X,X,X,X,3270,3270,100,1213.3,
Hana-West\Hana-West-5.245,04/08/17 - 07:59,Hana-West-5,3.500,X,4501.00,4501.00,0.03025,0.03025,4990.00,4990.00,X,25,1.05,X,X,X,X,X,X,X,X,X,X,X,X,X,X,X,X,X,X,X,X,X,X,3324,3324,100,1232.1,
Hana-West\Hana-West-5.246,04/15/17 - 09:22,Hana-West-5,3.500,X,4501.00,4501.00,0.03025,0.03025,4990.00,4990.00,X,25,1.05,X,X,X,X,X,X,X,X,X,X,X,X,X,X,X,X,X,X,X,X,X,X,3316,3316,100,1229.9,
Hana-West\Hana-West-5.247,04/22/17 - 08:34,Hana-West-5,3.500,X,4501.00,4501.00,0.03025,0.03025,4990.00,4990.00,X,25,1.05,X,X,X,X,X,X,X,X,X,X,X,X,X,X,X,X,X,X,X,X,X,X,3259,3259,100,1209.9,
Hana-West\Hana-West-5.248,04/29/17 - 07:51,Hana-West-5,3.500,X,4501.00,4501.00,0.03025,0.03025,4990.00,4990.00,X,25,1.05,X,X,X,X,X,X,X,X,X,X,X,X,X,X,X,X,X,X,X,X,X,X,3300,3300,100,1223.7,
Hana-West\Hana-West-5.249,05/07/17 - 08:18,Hana-West-5,3.500,X,4501.00,4501.00,0.03025,0.03025,4990.00,4990.00,X,25,1.05,X,X,X,X,X,X,X,X,X,X,X,X,X,X,X,X,X,X,X,X,X,X,3288,3288,100,1217.3,
Hana-West\Hana-West-5.250,09/06/17 - 14:34,Hana-West-5,3.500,X,4501.00,4501.00,0.03025,0.03025,4990.00,4990.00,X,25,1.05,X,X,X,X,X,X,X,X,X,X,X,X,X,X,X,X,X,X,X,X,X,X,3317,3317,100,1230.7,
Hana-West\Hana-West-5.251,05/31/17 - 11:09,Hana-West-5,3.500,X,4501.00,4501.00,0.03025,0.03025,4990.00,4990.00,X,25,1.05,X,X,X,X,X,X,X,X,X,X,X,X,X,X,X,X,X,X,X,X,X,X,3369,3369,100,1250.7,
Hana-West\Hana-West-5.252,06/03/17 - 07:40,Hana-West-5,3.500,X,4501.00,4501.00,0.03025,0.03025,4990.00,4990.00,X,25,1.05,X,X,X,X,X,X,X,X,X,X,X,X,X,X,X,X,X,X,X,X,X,X,3326,3326,100,1234.1,
Hana-West\Hana-West-5.253,06/07/17 - 09:51,Hana-West-5,3.500,X,4501.00,4501.00,0.03025,0.03025,4990.00,4990.00,X,25,1.05,X,X,X,X,X,X,X,X,X,X,X,X,X,X,X,X,X,X,X,X,X,X,3311,3311,100,1228.3,
Hana-West\Hana-West-5.254,06/10/17 - 08:38,Hana-West-5,3.500,X,4501.00,4501.00,0.03025,0.03025,4990.00,4990.00,X,25,1.05,X,X,X,X,X,X,X,X,X,X,X,X,X,X,X,X,X,X,X,X,X,X,3322,3322,100,1231.8,
Hana-West\Hana-West-5.255,06/17/17 - 08:14,Hana-West-5,3.500,X,4501.00,4501.00,0.03025,0.03025,4990.00,4990.00,X,25,1.05,X,X,X,X,X,X,X,X,X,X,X,X,X,X,X,X,X,X,X,X,X,X,3281,3281,100,1217.6,
Hana-West\Hana-West-5.256,06/24/17 - 07:43,Hana-West-5,3.500,X,4501.00,4501.00,0.03025,0.03025,4990.00,4990.00,X,25,1.05,X,X,X,X,X,X,X,X,X,X,X,X,X,X,X,X,X,X,X,X,X,X,3302,3302,100,1223.3,
Hana-West\Hana-West-5.257,07/02/17 - 10:31,Hana-West-5,3.500,X,4501.00,4501.00,0.03025,0.03025,4990.00,4990.00,X,25,1.05,X,X,X,X,X,X,X,X,X,X,X,X,X,X,X,X,X,X,X,X,X,X,3308,3308,100,1227.4,
Hana-West\Hana-West-5.258,07/08/17 - 10:16,Hana-West-5,3.500,X,4501.00,4501.00,0.03025,0.03025,4990.00,4990.00,X,25,1.05,X,X,X,X,X,X,X,X,X,X,X,X,X,X,X,X,X,X,X,X,X,X,3336,3336,100,1237.1,
Hana-West\Hana-West-5.259,07/21/17 - 13:53,Hana-West-5,3.500,X,4501.00,4501.00,0.03025,0.03025,4990.00,4990.00,X,25,1.05,X,X,X,X,X,X,X,X,X,X,X,X,X,X,X,X,X,X,X,X,X,X,3362,3362,100,1247.0,
Hana-West\Hana-West-5.260,07/29/17 - 10:21,Hana-West-5,3.500,X,4501.00,4501.00,0.03025,0.03025,4990.00,4990.00,X,25,1.05,X,X,X,X,X,X,X,X,X,X,X,X,X,X,X,X,X,X,X,X,X,X,3331,3315,100,1229.5,
Hana-West\Hana-West-5.261,08/05/17 - 08:42,Hana-West-5,3.500,X,4501.00,4501.00,0.03025,0.03025,4990.00,4990.00,X,25,1.05,X,X,X,X,X,X,X,X,X,X,X,X,X,X,X,X,X,X,X,X,X,X,3300,3300,100,1224.4,
Hana-West\Hana-West-5.262,08/12/17 - 08:45,Hana-West-5,3.500,X,4501.00,4501.00,0.03025,0.03025,4990.00,4990.00,X,25,1.05,X,X,X,X,X,X,X,X,X,X,X,X,X,X,X,X,X,X,X,X,X,X,3282,3232,98,1200.2,
Hana-West\Hana-West-5.263,08/19/17 - 08:07,Hana-West-5,3.500,X,4501.00,4501.00,0.03025,0.03025,4990.00,4990.00,X,25,1.05,X,X,X,X,X,X,X,X,X,X,X,X,X,X,X,X,X,X,X,X,X,X,3313,3313,100,1226.9,
Hana-West\Hana-West-5.264,08/26/17 - 10:05,Hana-West-5,3.500,X,4501.00,4501.00,0.03025,0.03025,4990.00,4990.00,X,25,1.05,X,X,X,X,X,X,X,X,X,X,X,X,X,X,X,X,X,X,X,X,X,X,3359,3359,100,1245.7,
Hana-West\Hana-West-5.265,09/08/17 - 09:04,Hana-West-5,3.500,X,4501.00,4501.00,0.03025,0.03025,4990.00,4990.00,X,25,1.05,X,X,X,X,X,X,X,X,X,X,X,X,X,X,X,X,X,X,X,X,X,X,3316,3316,100,1229.1,
Hana-West\Hana-West-5.266,09/16/17 - 08:08,Hana-West-5,3.500,X,4501.00,4501.00,0.03025,0.03025,4990.00,4990.00,X,25,1.05,X,X,X,X,X,X,X,X,X,X,X,X,X,X,X,X,X,X,X,X,X,X,3369,3359,100,1245.4,
Hana-West\Hana-West-5.267,09/22/17 - 10:27,Hana-West-5,3.500,X,4501.00,4501.00,0.03025,0.03025,4990.00,4990.00,X,25,1.05,X,X,X,X,X,X,X,X,X,X,X,X,X,X,X,X,X,X,X,X,X,X,3329,3329,100,1234.5,
Hana-West\Hana-West-5.268,09/29/17 - 08:54,Hana-West-5,3.500,X,4501.00,4501.00,0.03025,0.03025,4990.00,4990.00,X,25,1.05,X,X,X,X,X,X,X,X,X,X,X,X,X,X,X,X,X,X,X,X,X,X,3300,3300,100,1224.5,
Hana-West\Hana-West-5.269,09/30/17 - 15:16,Hana-West-5,3.500,X,4501.00,4501.00,0.03025,0.03025,4990.00,4990.00,X,25,1.05,X,X,X,X,X,X,X,X,X,X,X,X,X,X,X,X,X,X,X,X,X,X,3296,3296,100,1223.0,
Hana-West\Hana-West-5.270,10/07/17 - 08:50,Hana-West-5,3.500,X,4501.00,4501.00,0.03025,0.03025,4990.00,4990.00,X,25,1.05,X,X,X,X,X,X,X,X,X,X,X,X,X,X,X,X,X,X,X,X,X,X,3319,3319,100,1231.4,
Hana-West\Hana-West-5.271,10/14/17 - 13:10,Hana-West-5,3.500,X,4501.00,4501.00,0.03025,0.03025,4990.00,4990.00,X,25,1.05,X,X,X,X,X,X,X,X,X,X,X,X,X,X,X,X,X,X,X,X,X,X,3319,3319,100,1231.3,
Hana-West\Hana-West-5.272,10/28/17 - 11:00,Hana-West-5,3.500,X,4501.00,4501.00,0.03025,0.03025,4990.00,4990.00,X,25,1.05,X,X,X,X,X,X,X,X,X,X,X,X,X,X,X,X,X,X,X,X,X,X,3342,3342,100,1239.9,
Hana-West\Hana-West-5.273,11/12/17 - 11:20,Hana-West-5,3.500,X,4501.00,4501.00,0.03025,0.03025,4990.00,4990.00,X,25,1.05,X,X,X,X,X,X,X,X,X,X,X,X,X,X,X,X,X,X,X,X,X,X,3292,3292,100,1222.6,
Hana-West\Hana-West-5.274,11/18/17 - 10:11,Hana-West-5,3.500,X,4501.00,4501.00,0.03025,0.03025,4990.00,4990.00,X,25,1.05,X,X,X,X,X,X,X,X,X,X,X,X,X,X,X,X,X,X,X,X,X,X,3311,3311,100,1228.4,
Hana-West\Hana-West-5.275,11/26/17 - 10:44,Hana-West-5,3.500,X,4501.00,4501.00,0.03025,0.03025,4990.00,4990.00,X,25,1.05,X,X,X,X,X,X,X,X,X,X,X,X,X,X,X,X,X,X,X,X,X,X,3309,3309,100,1227.8,
Hana-West\Hana-West-5.276,12/09/17 - 10:13,Hana-West-5,3.500,X,4501.00,4501.00,0.03025,0.03025,4990.00,4990.00,X,25,1.05,X,X,X,X,X,X,X,X,X,X,X,X,X,X,X,X,X,X,X,X,X,X,3286,3286,100,1220.4,
Hana-West\Hana-West-5.277,12/16/17 - 13:38,Hana-West-5,3.500,X,4501.00,4501.00,0.03025,0.03025,4990.00,4990.00,X,25,1.05,X,X,X,X,X,X,X,X,X,X,X,X,X,X,X,X,X,X,X,X,X,X,3321,3321,100,1232.5,
Hana-West\Hana-West-5.278,12/27/17 - 08:47,Hana-West-5,3.500,X,4501.00,4501.00,0.03025,0.03025,4990.00,4990.00,X,25,1.05,X,X,X,X,X,X,X,X,X,X,X,X,X,X,X,X,X,X,X,X,X,X,3313,3313,100,1227.5,
Hana-West\Hana-West-8.001,08/26/17 - 10:39,Hana-West-8,3.500,1.750,4889.00,4889.00,0.04005,0.04005,4931.00,4931.00,X,25,1.05,X,1.28e+006,146.019,X,X,X,X,X,X,X,X,X,X,X,X,X,X,X,X,X,X,X,417,406,97,155.7,
Hana-West\Hana-West-8.002,09/02/17 - 11:11,Hana-West-8,3.500,1.750,4889.00,4889.00,0.04005,0.04005,4931.00,4931.00,X,25,1.05,X,1.28e+006,146.019,X,X,X,X,X,X,X,X,X,X,X,X,X,X,X,X,X,X,X,353,353,100,135.5,
Hana-West\Hana-West-8.003,09/04/17 - 10:19,Hana-West-8,3.500,1.750,4889.00,4889.00,0.04005,0.04005,4931.00,4931.00,X,25,1.05,X,1.28e+006,146.019,X,X,X,X,X,X,X,X,X,X,X,X,X,X,X,X,X,X,X,445,445,100,170.2,
Hana-West\Hana-West-8.004,09/07/17 - 10:52,Hana-West-8,3.500,1.750,4889.00,4889.00,0.04005,0.04005,4931.00,4931.00,X,25,1.05,X,1.28e+006,146.019,X,X,X,X,X,X,X,X,X,X,X,X,X,X,X,X,X,X,X,X,X,100,2.8,
Hana-West\Hana-West-8.005,09/08/17 - 09:43,Hana-West-8,3.500,1.750,4889.00,4889.00,0.04005,0.04005,4931.00,4931.00,X,25,1.05,X,1.28e+006,146.019,X,X,X,X,X,X,X,X,X,X,X,X,X,X,X,X,X,X,X,124,103,83,43.0,
Hana-West\Hana-West-8.006,09/16/17 - 08:51,Hana-West-8,3.500,1.750,4889.00,4889.00,0.04005,0.04005,4931.00,4931.00,X,25,1.05,X,1.28e+006,146.019,X,X,X,X,X,X,X,X,X,X,X,X,X,X,X,X,X,X,X,612,612,100,233.2,
Hana-West\Hana-West-8.007,09/24/17 - 16:03,Hana-West-8,3.500,1.750,4889.00,4889.00,0.04005,0.04005,4931.00,4931.00,X,25,1.05,X,1.28e+006,146.019,X,09/24/17 - 16:11,15486,10573,1267,-201,4.4,150.9,6.272,99.38,150.0,335.9,200.6,1132009.5,0,12999,12323,12096,5351,822,822,100,312.1,
Hana-West\Hana-West-8.157,08/12/17 - 09:15,Hana-West-8,3.500,1.750,4889.00,4889.00,0.04005,0.04005,4931.00,4931.00,X,25,1.05,X,1.28e+006,146.019,X,X,X,X,X,X,X,X,X,X,X,X,X,X,X,X,X,X,X,78,71,90,29.8,
Hana-West\Hana-w-11.115,01/07/17 - 11:13,Hana-W-11,3.500,2.750,4817.00,4817.00,0.05711,0.05711,5040.00,5040.00,X,18,1.05,X,X,144.000,X,X,X,X,X,X,X,X,X,X,X,X,X,X,X,X,X,X,X,3451,3451,100,1342.0,
Hana-West\Hana-w-11.116,01/14/17 - 08:02,Hana-W-11,3.500,2.750,4817.00,4817.00,0.05711,0.05711,5040.00,5040.00,X,18,1.05,X,X,144.000,X,X,X,X,X,X,X,X,X,X,X,X,X,X,X,X,X,X,X,3474,3474,100,1355.4,
Hana-West\Hana-w-11.117,01/15/17 - 10:45,Hana-W-11,3.500,2.750,4817.00,4817.00,0.05711,0.05711,5040.00,5040.00,X,18,1.05,X,X,144.000,X,X,X,X,X,X,X,X,X,X,X,X,X,X,X,X,X,X,X,3456,3456,100,1349.0,
Hana-West\Hana-w-11.118,01/16/17 - 10:14,Hana-W-11,3.500,2.750,4817.00,4817.00,0.05711,0.05711,5040.00,5040.00,X,18,1.05,X,X,144.000,X,X,X,X,X,X,X,X,X,X,X,X,X,X,X,X,X,X,X,X,X,100,1.4,
Hana-West\Hana-w-11.119,01/16/17 - 10:21,Hana-W-11,3.500,2.750,4817.00,4817.00,0.05711,0.05711,5040.00,5040.00,X,18,1.05,X,X,144.000,X,X,X,X,X,X,X,X,X,X,X,X,X,X,X,X,X,X,X,3436,3436,100,1341.2,
Hana-West\Hana-w-11.120,01/18/17 - 10:24,Hana-W-11,3.500,2.750,4817.00,4817.00,0.05711,0.05711,5040.00,5040.00,X,18,1.05,X,X,144.000,X,X,X,X,X,X,X,X,X,X,X,X,X,X,X,X,X,X,X,3414,3414,100,1333.0,
Hana-West\Hana-w-11.121,01/21/17 - 08:14,Hana-W-11,3.500,2.750,4817.00,4817.00,0.05711,0.05711,5040.00,5040.00,X,18,1.05,X,X,144.000,X,X,X,X,X,X,X,X,X,X,X,X,X,X,X,X,X,X,X,3372,3372,100,1317.2,
Hana-West\Hana-w-11.122,01/26/17 - 11:05,Hana-W-11,3.500,2.750,4817.00,4817.00,0.05711,0.05711,5040.00,5040.00,X,18,1.05,X,X,144.000,X,X,X,X,X,X,X,X,X,X,X,X,X,X,X,X,X,X,X,3332,3332,100,1301.8,
Hana-West\Hana-w-11.123,01/28/17 - 14:00,Hana-W-11,3.500,2.750,4817.00,4817.00,0.05711,0.05711,5040.00,5040.00,X,18,1.05,X,X,144.000,X,X,X,X,X,X,X,X,X,X,X,X,X,X,X,X,X,X,X,3285,3285,100,1284.1,
Hana-West\Hana-w-11.124,02/08/17 - 10:33,Hana-W-11,3.500,2.750,4817.00,4817.00,0.05711,0.05711,5040.00,5040.00,X,18,1.05,X,X,144.000,X,X,X,X,X,X,X,X,X,X,X,X,X,X,X,X,X,X,X,3277,3277,100,1280.5,
Hana-West\Hana-w-11.125,02/11/17 - 08:40,Hana-W-11,3.500,2.750,4817.00,4817.00,0.05711,0.05711,5040.00,5040.00,X,18,1.05,X,X,144.000,X,X,X,X,X,X,X,X,X,X,X,X,X,X,X,X,X,X,X,3266,3266,100,1276.6,
Hana-West\Hana-w-11.126,02/25/17 - 10:01,Hana-W-11,3.500,2.750,4817.00,4817.00,0.05711,0.05711,5040.00,5040.00,X,18,1.05,X,X,144.000,X,X,X,X,X,X,X,X,X,X,X,X,X,X,X,X,X,X,X,3467,3467,100,1353.0,
Hana-West\Hana-w-11.127,03/04/17 - 10:57,Hana-W-11,3.500,2.750,4817.00,4817.00,0.05711,0.05711,5040.00,5040.00,X,18,1.05,X,X,144.000,X,X,X,X,X,X,X,X,X,X,X,X,X,X,X,X,X,X,X,3510,3510,100,1369.0,
Hana-West\Hana-w-11.128,03/11/17 - 09:30,Hana-W-11,3.500,2.750,4817.00,4817.00,0.05711,0.05711,5040.00,5040.00,X,18,1.05,X,X,144.000,X,X,X,X,X,X,X,X,X,X,X,X,X,X,X,X,X,X,X,3550,3550,100,1383.7,
Hana-West\Hana-w-11.129,03/14/17 - 09:20,Hana-W-11,3.500,2.750,4817.00,4817.00,0.05711,0.05711,5040.00,5040.00,X,18,1.05,X,X,144.000,X,03/14/17 - 09:26,18756,5257,2723,-1704,16.7,141.2,9.137,98.36,138.9,1118.8,1703.6,X,0,20161,11224,20248,13018,3577,3577,100,1394.0,
Hana-West\Hana-w-11.130,04/01/17 - 09:23,Hana-W-11,3.500,2.750,4817.00,4817.00,0.05711,0.05711,5040.00,5040.00,X,18,1.05,X,X,144.000,X,04/01/17 - 09:30,18260,5447,3194,-1569,16.3,139.4,9.137,99.53,138.7,1117.5,1569.2,X,24,23096,11224,24115,13018,3663,3663,100,1426.6,
Hana-West\Hana-w-11.131,04/15/17 - 09:17,Hana-W-11,3.500,2.750,4817.00,4817.00,0.05711,0.05711,5040.00,5040.00,X,18,1.05,X,X,144.000,X,X,X,X,X,X,X,X,X,X,X,X,X,X,X,X,X,X,X,3663,3663,100,1426.0,
Hana-West\Hana-w-11.132,04/22/17 - 08:28,Hana-W-11,3.500,2.750,4817.00,4817.00,0.05711,0.05711,5040.00,5040.00,X,18,1.05,X,X,144.000,X,X,X,X,X,X,X,X,X,X,X,X,X,X,X,X,X,X,X,3619,3619,100,1409.7,
Hana-West\Hana-w-11.133,04/29/17 - 07:44,Hana-W-11,3.500,2.750,4817.00,4817.00,0.05711,0.05711,5040.00,5040.00,X,18,1.05,X,X,144.000,X,X,X,X,X,X,X,X,X,X,X,X,X,X,X,X,X,X,X,3637,3637,100,1416.2,
Hana-West\Hana-w-11.134,05/07/17 - 13:22,Hana-W-11,3.500,2.750,4817.00,4817.00,0.05711,0.05711,5040.00,5040.00,X,18,1.05,X,X,144.000,X,X,X,X,X,X,X,X,X,X,X,X,X,X,X,X,X,X,X,3614,3614,100,1408.5,
Hana-West\Hana-w-11.135,05/20/17 - 08:05,Hana-W-11,3.500,2.750,4817.00,4817.00,0.05711,0.05711,5040.00,5040.00,X,18,1.05,X,X,144.000,X,X,X,X,X,X,X,X,X,X,X,X,X,X,X,X,X,X,X,3756,3756,100,1461.6,
Hana-West\Hana-w-11.136,06/03/17 - 07:35,Hana-W-11,3.500,2.750,4817.00,4817.00,0.05711,0.05711,5040.00,5040.00,X,18,1.05,X,X,144.000,X,X,X,X,X,X,X,X,X,X,X,X,X,X,X,X,X,X,X,3639,3639,100,1417.7,
Hana-West\Hana-w-11.137,06/17/17 - 08:09,Hana-W-11,3.500,2.750,4817.00,4817.00,0.05711,0.05711,5040.00,5040.00,X,18,1.05,X,X,144.000,X,X,X,X,X,X,X,X,X,X,X,X,X,X,X,X,X,X,X,3628,3628,100,1413.5,
Hana-West\Hana-w-11.138,06/24/17 - 07:37,Hana-W-11,3.500,2.750,4817.00,4817.00,0.05711,0.05711,5040.00,5040.00,X,18,1.05,X,X,144.000,X,X,X,X,X,X,X,X,X,X,X,X,X,X,X,X,X,X,X,3645,3645,100,1418.4,
Hana-West\Hana-w-11.139,07/22/17 - 09:22,Hana-W-11,3.500,2.750,4817.00,4817.00,0.05711,0.05711,5040.00,5040.00,X,18,1.05,X,X,144.000,X,X,X,X,X,X,X,X,X,X,X,X,X,X,X,X,X,X,X,648,535,83,215.7,
Hana-West\Hana-w-11.140,07/22/17 - 09:36,Hana-W-11,3.500,2.750,4817.00,4817.00,0.05711,0.05711,5040.00,5040.00,X,18,1.05,X,X,144.000,X,X,X,X,X,X,X,X,X,X,X,X,X,X,X,X,X,X,X,3714,3714,100,1445.9,
Hana-West\Hana-w-11.141,08/05/17 - 08:50,Hana-24,3.500,2.750,4817.00,4817.00,0.04762,0.04762,5040.00,5040.00,X,18,1.05,X,1.28e+006,147.133,X,X,X,X,X,X,X,X,X,X,X,X,X,X,X,X,X,X,X,3629,3629,100,1413.9,
Hana-West\Hana-w-11.142,08/12/17 - 08:39,Hana-W-11,3.500,2.750,4817.00,4817.00,0.05711,0.05711,5040.00,5040.00,X,18,1.05,X,X,144.000,X,X,X,X,X,X,X,X,X,X,X,X,X,X,X,X,X,X,X,3628,3628,100,1413.8,
Hana-West\Hana-w-11.143,08/19/17 - 07:57,Hana-W-11,3.500,2.750,4817.00,4817.00,0.05711,0.05711,5040.00,5040.00,X,18,1.05,X,X,144.000,X,X,X,X,X,X,X,X,X,X,X,X,X,X,X,X,X,X,X,3666,3666,100,1425.7,
Hana-West\Hana-w-11.144,08/26/17 - 10:00,Hana-W-11,3.500,2.750,4817.00,4817.00,0.05711,0.05711,5040.00,5040.00,X,18,1.05,X,X,144.000,X,X,X,X,X,X,X,X,X,X,X,X,X,X,X,X,X,X,X,3666,3666,100,1427.9,
Hana-West\Hana-w-11.145,09/04/17 - 09:48,Hana-W-11,3.500,2.750,4817.00,4817.00,0.05711,0.05711,5040.00,5040.00,X,18,1.05,X,X,144.000,X,09/04/17 - 10:01,19202,5614,3514,-1586,18.2,139.7,9.137,98.65,137.8,1110.4,1585.9,X,0,13100,11224,12059,13018,3690,3690,100,1437.6,
Hana-West\Hana-w-11.146,09/08/17 - 10:03,Hana-W-11,3.500,2.750,4817.00,4817.00,0.05711,0.05711,5040.00,5040.00,X,18,1.05,X,X,144.000,X,X,X,X,X,X,X,X,X,X,X,X,X,X,X,X,X,X,X,3672,3672,100,1429.3,
Hana-West\Hana-w-11.147,09/14/17 - 11:15,Hana-W-11,3.500,2.750,4817.00,4817.00,0.05711,0.05711,5040.00,5040.00,X,18,1.05,X,X,144.000,X,X,X,X,X,X,X,X,X,X,X,X,X,X,X,X,X,X,X,3673,3452,94,1347.8,
Hana-West\Hana-w-11.148,09/14/17 - 11:28,Hana-W-11,3.500,2.750,4817.00,4817.00,0.05711,0.05711,5040.00,5040.00,X,18,1.05,X,X,144.000,X,X,X,X,X,X,X,X,X,X,X,X,X,X,X,X,X,X,X,X,X,100,4602.3,
Hana-West\Hana-w-11.149,09/14/17 - 11:32,Hana-W-11,3.500,2.750,4817.00,4817.00,0.05711,0.05711,5040.00,5040.00,X,18,1.05,X,X,144.000,X,X,X,X,X,X,X,X,X,X,X,X,X,X,X,X,X,X,X,3674,3674,100,1431.4,
Hana-West\Hana-w-11.150,09/16/17 - 08:03,Hana-W-11,3.500,2.750,4817.00,4817.00,0.05711,0.05711,5040.00,5040.00,X,18,1.05,X,X,144.000,X,X,X,X,X,X,X,X,X,X,X,X,X,X,X,X,X,X,X,3706,3706,100,1443.2,
Hana-West\Hana-w-11.151,09/23/17 - 09:28,Hana-W-11,3.500,2.750,4817.00,4817.00,0.05711,0.05711,5040.00,5040.00,X,18,1.05,X,X,144.000,X,X,X,X,X,X,X,X,X,X,X,X,X,X,X,X,X,X,X,3661,3661,100,1426.2,
Hana-West\Hana-w-11.152,09/30/17 - 15:09,Hana-W-11,3.500,2.750,4817.00,4817.00,0.05711,0.05711,5040.00,5040.00,X,18,1.05,X,X,144.000,X,X,X,X,X,X,X,X,X,X,X,X,X,X,X,X,X,X,X,3650,3650,100,1422.2,
Hana-West\Hana-w-11.153,10/07/17 - 08:41,Hana-W-11,3.500,2.750,4817.00,4817.00,0.05711,0.05711,5040.00,5040.00,X,18,1.05,X,X,144.000,X,X,X,X,X,X,X,X,X,X,X,X,X,X,X,X,X,X,X,3690,3690,100,1437.4,
Hana-West\Hana-w-11.154,10/14/17 - 13:05,Hana-W-11,3.500,2.750,4817.00,4817.00,0.05711,0.05711,5040.00,5040.00,X,18,1.05,X,X,144.000,X,X,X,X,X,X,X,X,X,X,X,X,X,X,X,X,X,X,X,3645,3645,100,1421.0,
Hana-West\Hana-w-11.155,12/14/17 - 10:19,Hana-W-11,3.500,2.750,4817.00,4817.00,0.05711,0.05711,5040.00,5040.00,X,18,1.05,X,X,144.000,X,X,X,X,X,X,X,X,X,X,X,X,X,X,X,X,X,X,X,3699,3699,100,1441.2,
